,Bedroom,Bathroom,Location,Size,status,Facing,Type,Price
0,3,3,Poranki,1587,Ready to move,West,Apartment,55.5
1,2,2,Poranki,1450,Ready to move,0,Apartment,48.0
2,2,2,Kankipadu,1290,Under Construction,NorthEast,Independent House,50.0
3,2,2,Poranki,1200,Ready to move,0,Apartment,40.0
4,3,3,Gannavaram,1663,Ready to move,East,Apartment,59.86
5,3,3,Gunadala,1500,Ready to move,0,Independent Floor,56.0
6,3,3,Gollapudi,2062,Ready to move,0,Apartment,89.0
7,2,2,Enikepadu,1250,Ready to move,0,Apartment,39.0
8,2,2,Benz Circle,1350,Ready to move,East,Independent House,59.0
9,3,3,Vidhyadharpuram,1600,Under Construction,West,Independent Floor,95.0
10,6,7,Penamaluru,3700,Ready to move,0,Independent House,110.00000000000001
11,0,0,Kankipadu,1782,Resale,0,Residential Plot,16.83
12,0,0,Poranki,1800,Resale,West,Residential Plot,33.0
13,0,0,Kankipadu,1500,Resale,0,Residential Plot,20.0
14,3,3,Benz Circle,2317,Under Construction,East,Apartment,166.0
15,3,3,Gannavaram,1650,Ready to move,0,Apartment,72.0
16,2,2,Payakapuram,1000,Ready to move,0,Independent House,56.0
17,3,3,Benz Circle,2317,Under Construction,East,Apartment,166.0
18,2,2,Gannavaram,1100,Under Construction,West,Independent House,57.05
19,1,2,Rajarajeswari Peta,648,Ready to move,0,Independent House,37.18
20,3,3,Poranki,1587,Ready to move,West,Apartment,55.5
21,2,2,Poranki,1450,Ready to move,0,Apartment,48.0
22,2,2,Kankipadu,1290,Under Construction,NorthEast,Independent House,50.0
23,2,2,Poranki,1200,Ready to move,0,Apartment,40.0
24,3,3,Gannavaram,1663,Ready to move,East,Apartment,59.86
25,3,3,Gunadala,1500,Ready to move,0,Independent Floor,56.0
26,3,3,Gollapudi,2062,Ready to move,0,Apartment,89.0
27,2,2,Enikepadu,1250,Ready to move,0,Apartment,39.0
28,2,2,Benz Circle,1350,Ready to move,East,Independent House,59.0
29,3,3,Vidhyadharpuram,1600,Under Construction,West,Independent Floor,95.0
30,6,7,Penamaluru,3700,Ready to move,0,Independent House,110.00000000000001
31,0,0,Kankipadu,1782,Resale,0,Residential Plot,16.83
32,0,0,Poranki,1800,Resale,West,Residential Plot,33.0
33,0,0,Kankipadu,1500,Resale,0,Residential Plot,20.0
34,3,3,Benz Circle,2317,Under Construction,East,Apartment,166.0
35,3,3,Gannavaram,1650,Ready to move,0,Apartment,72.0
36,2,2,Payakapuram,1000,Ready to move,0,Independent House,56.0
37,3,3,Benz Circle,2317,Under Construction,East,Apartment,166.0
38,2,2,Gannavaram,1100,Under Construction,West,Independent House,57.05
39,1,2,Rajarajeswari Peta,648,Ready to move,0,Independent House,37.18
40,3,3,Poranki,1587,Ready to move,West,Apartment,55.5
41,2,2,Poranki,1450,Ready to move,0,Apartment,48.0
42,2,2,Kankipadu,1290,Under Construction,NorthEast,Independent House,50.0
43,2,2,Poranki,1200,Ready to move,0,Apartment,40.0
44,3,3,Gannavaram,1663,Ready to move,East,Apartment,59.86
45,3,3,Gunadala,1500,Ready to move,0,Independent Floor,56.0
46,3,3,Gollapudi,2062,Ready to move,0,Apartment,89.0
47,2,2,Enikepadu,1250,Ready to move,0,Apartment,39.0
48,2,2,Benz Circle,1350,Ready to move,East,Independent House,59.0
49,3,3,Vidhyadharpuram,1600,Under Construction,West,Independent Floor,95.0
50,6,7,Penamaluru,3700,Ready to move,0,Independent House,110.00000000000001
51,0,0,Kankipadu,1782,Resale,0,Residential Plot,16.83
52,0,0,Poranki,1800,Resale,West,Residential Plot,33.0
53,0,0,Kankipadu,1500,Resale,0,Residential Plot,20.0
54,3,3,Benz Circle,2317,Under Construction,East,Apartment,166.0
55,3,3,Gannavaram,1650,Ready to move,0,Apartment,72.0
56,2,2,Payakapuram,1000,Ready to move,0,Independent House,56.0
57,3,3,Benz Circle,2317,Under Construction,East,Apartment,166.0
58,2,2,Gannavaram,1100,Under Construction,West,Independent House,57.05
59,1,2,Rajarajeswari Peta,648,Ready to move,0,Independent House,37.18
60,3,3,Poranki,1587,Ready to move,West,Apartment,55.5
61,2,2,Poranki,1450,Ready to move,0,Apartment,48.0
62,2,2,Kankipadu,1290,Under Construction,NorthEast,Independent House,50.0
63,2,2,Poranki,1200,Ready to move,0,Apartment,40.0
64,3,3,Gannavaram,1663,Ready to move,East,Apartment,59.86
65,3,3,Gunadala,1500,Ready to move,0,Independent Floor,56.0
66,3,3,Gollapudi,2062,Ready to move,0,Apartment,89.0
67,2,2,Enikepadu,1250,Ready to move,0,Apartment,39.0
68,2,2,Benz Circle,1350,Ready to move,East,Independent House,59.0
69,3,3,Vidhyadharpuram,1600,Under Construction,West,Independent Floor,95.0
70,6,7,Penamaluru,3700,Ready to move,0,Independent House,110.00000000000001
71,0,0,Kankipadu,1782,Resale,0,Residential Plot,16.83
72,0,0,Poranki,1800,Resale,West,Residential Plot,33.0
73,0,0,Kankipadu,1500,Resale,0,Residential Plot,20.0
74,3,3,Benz Circle,2317,Under Construction,East,Apartment,166.0
75,3,3,Gannavaram,1650,Ready to move,0,Apartment,72.0
76,2,2,Payakapuram,1000,Ready to move,0,Independent House,56.0
77,3,3,Benz Circle,2317,Under Construction,East,Apartment,166.0
78,2,2,Gannavaram,1100,Under Construction,West,Independent House,57.05
79,1,2,Rajarajeswari Peta,648,Ready to move,0,Independent House,37.18
80,3,3,Poranki,1587,Ready to move,West,Apartment,55.5
81,2,2,Poranki,1450,Ready to move,0,Apartment,48.0
82,2,2,Kankipadu,1290,Under Construction,NorthEast,Independent House,50.0
83,2,2,Poranki,1200,Ready to move,0,Apartment,40.0
84,3,3,Gannavaram,1663,Ready to move,East,Apartment,59.86
85,3,3,Gunadala,1500,Ready to move,0,Independent Floor,56.0
86,3,3,Gollapudi,2062,Ready to move,0,Apartment,89.0
87,2,2,Enikepadu,1250,Ready to move,0,Apartment,39.0
88,2,2,Benz Circle,1350,Ready to move,East,Independent House,59.0
89,3,3,Vidhyadharpuram,1600,Under Construction,West,Independent Floor,95.0
90,6,7,Penamaluru,3700,Ready to move,0,Independent House,110.00000000000001
91,0,0,Kankipadu,1782,Resale,0,Residential Plot,16.83
92,0,0,Poranki,1800,Resale,West,Residential Plot,33.0
93,0,0,Kankipadu,1500,Resale,0,Residential Plot,20.0
94,3,3,Benz Circle,2317,Under Construction,East,Apartment,166.0
95,3,3,Gannavaram,1650,Ready to move,0,Apartment,72.0
96,2,2,Payakapuram,1000,Ready to move,0,Independent House,56.0
97,3,3,Benz Circle,2317,Under Construction,East,Apartment,166.0
98,2,2,Gannavaram,1100,Under Construction,West,Independent House,57.05
99,1,2,Rajarajeswari Peta,648,Ready to move,0,Independent House,37.18
100,3,3,Poranki,1587,Ready to move,West,Apartment,55.5
101,2,2,Poranki,1450,Ready to move,0,Apartment,48.0
102,2,2,Kankipadu,1290,Under Construction,NorthEast,Independent House,50.0
103,2,2,Poranki,1200,Ready to move,0,Apartment,40.0
104,3,3,Gannavaram,1663,Ready to move,East,Apartment,59.86
105,3,3,Gunadala,1500,Ready to move,0,Independent Floor,56.0
106,3,3,Gollapudi,2062,Ready to move,0,Apartment,89.0
107,2,2,Enikepadu,1250,Ready to move,0,Apartment,39.0
108,2,2,Benz Circle,1350,Ready to move,East,Independent House,59.0
109,3,3,Vidhyadharpuram,1600,Under Construction,West,Independent Floor,95.0
110,6,7,Penamaluru,3700,Ready to move,0,Independent House,110.00000000000001
111,0,0,Kankipadu,1782,Resale,0,Residential Plot,16.83
112,0,0,Poranki,1800,Resale,West,Residential Plot,33.0
113,0,0,Kankipadu,1500,Resale,0,Residential Plot,20.0
114,3,3,Benz Circle,2317,Under Construction,East,Apartment,166.0
115,3,3,Gannavaram,1650,Ready to move,0,Apartment,72.0
116,2,2,Payakapuram,1000,Ready to move,0,Independent House,56.0
117,3,3,Benz Circle,2317,Under Construction,East,Apartment,166.0
118,2,2,Gannavaram,1100,Under Construction,West,Independent House,57.05
119,1,2,Rajarajeswari Peta,648,Ready to move,0,Independent House,37.18
120,3,3,Poranki,1587,Ready to move,West,Apartment,55.5
121,2,2,Poranki,1450,Ready to move,0,Apartment,48.0
122,2,2,Kankipadu,1290,Under Construction,NorthEast,Independent House,50.0
123,2,2,Poranki,1200,Ready to move,0,Apartment,40.0
124,3,3,Gannavaram,1663,Ready to move,East,Apartment,59.86
125,3,3,Gunadala,1500,Ready to move,0,Independent Floor,56.0
126,3,3,Gollapudi,2062,Ready to move,0,Apartment,89.0
127,2,2,Enikepadu,1250,Ready to move,0,Apartment,39.0
128,2,2,Benz Circle,1350,Ready to move,East,Independent House,59.0
129,3,3,Vidhyadharpuram,1600,Under Construction,West,Independent Floor,95.0
130,6,7,Penamaluru,3700,Ready to move,0,Independent House,110.00000000000001
131,0,0,Kankipadu,1782,Resale,0,Residential Plot,16.83
132,0,0,Poranki,1800,Resale,West,Residential Plot,33.0
133,0,0,Kankipadu,1500,Resale,0,Residential Plot,20.0
134,3,3,Benz Circle,2317,Under Construction,East,Apartment,166.0
135,3,3,Gannavaram,1650,Ready to move,0,Apartment,72.0
136,2,2,Payakapuram,1000,Ready to move,0,Independent House,56.0
137,3,3,Benz Circle,2317,Under Construction,East,Apartment,166.0
138,2,2,Gannavaram,1100,Under Construction,West,Independent House,57.05
139,1,2,Rajarajeswari Peta,648,Ready to move,0,Independent House,37.18
140,3,3,Poranki,1587,Ready to move,West,Apartment,55.5
141,2,2,Poranki,1450,Ready to move,0,Apartment,48.0
142,2,2,Kankipadu,1290,Under Construction,NorthEast,Independent House,50.0
143,2,2,Poranki,1200,Ready to move,0,Apartment,40.0
144,3,3,Gannavaram,1663,Ready to move,East,Apartment,59.86
145,3,3,Gunadala,1500,Ready to move,0,Independent Floor,56.0
146,3,3,Gollapudi,2062,Ready to move,0,Apartment,89.0
147,2,2,Enikepadu,1250,Ready to move,0,Apartment,39.0
148,2,2,Benz Circle,1350,Ready to move,East,Independent House,59.0
149,3,3,Vidhyadharpuram,1600,Under Construction,West,Independent Floor,95.0
150,6,7,Penamaluru,3700,Ready to move,0,Independent House,110.00000000000001
151,0,0,Kankipadu,1782,Resale,0,Residential Plot,16.83
152,0,0,Poranki,1800,Resale,West,Residential Plot,33.0
153,0,0,Kankipadu,1500,Resale,0,Residential Plot,20.0
154,3,3,Benz Circle,2317,Under Construction,East,Apartment,166.0
155,3,3,Gannavaram,1650,Ready to move,0,Apartment,72.0
156,2,2,Payakapuram,1000,Ready to move,0,Independent House,56.0
157,3,3,Benz Circle,2317,Under Construction,East,Apartment,166.0
158,2,2,Gannavaram,1100,Under Construction,West,Independent House,57.05
159,1,2,Rajarajeswari Peta,648,Ready to move,0,Independent House,37.18
160,3,3,Poranki,1587,Ready to move,West,Apartment,55.5
161,2,2,Poranki,1450,Ready to move,0,Apartment,48.0
162,2,2,Kankipadu,1290,Under Construction,NorthEast,Independent House,50.0
163,2,2,Poranki,1200,Ready to move,0,Apartment,40.0
164,3,3,Gannavaram,1663,Ready to move,East,Apartment,59.86
165,3,3,Gunadala,1500,Ready to move,0,Independent Floor,56.0
166,3,3,Gollapudi,2062,Ready to move,0,Apartment,89.0
167,2,2,Enikepadu,1250,Ready to move,0,Apartment,39.0
168,2,2,Benz Circle,1350,Ready to move,East,Independent House,59.0
169,3,3,Vidhyadharpuram,1600,Under Construction,West,Independent Floor,95.0
170,6,7,Penamaluru,3700,Ready to move,0,Independent House,110.00000000000001
171,0,0,Kankipadu,1782,Resale,0,Residential Plot,16.83
172,0,0,Poranki,1800,Resale,West,Residential Plot,33.0
173,0,0,Kankipadu,1500,Resale,0,Residential Plot,20.0
174,3,3,Benz Circle,2317,Under Construction,East,Apartment,166.0
175,3,3,Gannavaram,1650,Ready to move,0,Apartment,72.0
176,2,2,Payakapuram,1000,Ready to move,0,Independent House,56.0
177,3,3,Benz Circle,2317,Under Construction,East,Apartment,166.0
178,2,2,Gannavaram,1100,Under Construction,West,Independent House,57.05
179,1,2,Rajarajeswari Peta,648,Ready to move,0,Independent House,37.18
180,3,3,Poranki,1587,Ready to move,West,Apartment,55.5
181,2,2,Poranki,1450,Ready to move,0,Apartment,48.0
182,2,2,Kankipadu,1290,Under Construction,NorthEast,Independent House,50.0
183,2,2,Poranki,1200,Ready to move,0,Apartment,40.0
184,3,3,Gannavaram,1663,Ready to move,East,Apartment,59.86
185,3,3,Gunadala,1500,Ready to move,0,Independent Floor,56.0
186,3,3,Gollapudi,2062,Ready to move,0,Apartment,89.0
187,2,2,Enikepadu,1250,Ready to move,0,Apartment,39.0
188,2,2,Benz Circle,1350,Ready to move,East,Independent House,59.0
189,3,3,Vidhyadharpuram,1600,Under Construction,West,Independent Floor,95.0
190,6,7,Penamaluru,3700,Ready to move,0,Independent House,110.00000000000001
191,0,0,Kankipadu,1782,Resale,0,Residential Plot,16.83
192,0,0,Poranki,1800,Resale,West,Residential Plot,33.0
193,0,0,Kankipadu,1500,Resale,0,Residential Plot,20.0
194,3,3,Benz Circle,2317,Under Construction,East,Apartment,166.0
195,3,3,Gannavaram,1650,Ready to move,0,Apartment,72.0
196,2,2,Payakapuram,1000,Ready to move,0,Independent House,56.0
197,3,3,Benz Circle,2317,Under Construction,East,Apartment,166.0
198,2,2,Gannavaram,1100,Under Construction,West,Independent House,57.05
199,1,2,Rajarajeswari Peta,648,Ready to move,0,Independent House,37.18
200,3,3,Poranki,1587,Ready to move,West,Apartment,55.5
201,2,2,Poranki,1450,Ready to move,0,Apartment,48.0
202,2,2,Kankipadu,1290,Under Construction,NorthEast,Independent House,50.0
203,2,2,Poranki,1200,Ready to move,0,Apartment,40.0
204,3,3,Gannavaram,1663,Ready to move,East,Apartment,59.86
205,3,3,Gunadala,1500,Ready to move,0,Independent Floor,56.0
206,3,3,Gollapudi,2062,Ready to move,0,Apartment,89.0
207,2,2,Enikepadu,1250,Ready to move,0,Apartment,39.0
208,2,2,Benz Circle,1350,Ready to move,East,Independent House,59.0
209,3,3,Vidhyadharpuram,1600,Under Construction,West,Independent Floor,95.0
210,6,7,Penamaluru,3700,Ready to move,0,Independent House,110.00000000000001
211,0,0,Kankipadu,1782,Resale,0,Residential Plot,16.83
212,0,0,Poranki,1800,Resale,West,Residential Plot,33.0
213,0,0,Kankipadu,1500,Resale,0,Residential Plot,20.0
214,3,3,Benz Circle,2317,Under Construction,East,Apartment,166.0
215,3,3,Gannavaram,1650,Ready to move,0,Apartment,72.0
216,2,2,Payakapuram,1000,Ready to move,0,Independent House,56.0
217,3,3,Benz Circle,2317,Under Construction,East,Apartment,166.0
218,2,2,Gannavaram,1100,Under Construction,West,Independent House,57.05
219,1,2,Rajarajeswari Peta,648,Ready to move,0,Independent House,37.18
220,3,3,Poranki,1587,Ready to move,West,Apartment,55.5
221,2,2,Poranki,1450,Ready to move,0,Apartment,48.0
222,2,2,Kankipadu,1290,Under Construction,NorthEast,Independent House,50.0
223,2,2,Poranki,1200,Ready to move,0,Apartment,40.0
224,3,3,Gannavaram,1663,Ready to move,East,Apartment,59.86
225,3,3,Gunadala,1500,Ready to move,0,Independent Floor,56.0
226,3,3,Gollapudi,2062,Ready to move,0,Apartment,89.0
227,2,2,Enikepadu,1250,Ready to move,0,Apartment,39.0
228,2,2,Benz Circle,1350,Ready to move,East,Independent House,59.0
229,3,3,Vidhyadharpuram,1600,Under Construction,West,Independent Floor,95.0
230,6,7,Penamaluru,3700,Ready to move,0,Independent House,110.00000000000001
231,0,0,Kankipadu,1782,Resale,0,Residential Plot,16.83
232,0,0,Poranki,1800,Resale,West,Residential Plot,33.0
233,0,0,Kankipadu,1500,Resale,0,Residential Plot,20.0
234,3,3,Benz Circle,2317,Under Construction,East,Apartment,166.0
235,3,3,Gannavaram,1650,Ready to move,0,Apartment,72.0
236,2,2,Payakapuram,1000,Ready to move,0,Independent House,56.0
237,3,3,Benz Circle,2317,Under Construction,East,Apartment,166.0
238,2,2,Gannavaram,1100,Under Construction,West,Independent House,57.05
239,1,2,Rajarajeswari Peta,648,Ready to move,0,Independent House,37.18
240,3,3,Poranki,1587,Ready to move,West,Apartment,55.5
241,2,2,Poranki,1450,Ready to move,0,Apartment,48.0
242,2,2,Kankipadu,1290,Under Construction,NorthEast,Independent House,50.0
243,2,2,Poranki,1200,Ready to move,0,Apartment,40.0
244,3,3,Gannavaram,1663,Ready to move,East,Apartment,59.86
245,3,3,Gunadala,1500,Ready to move,0,Independent Floor,56.0
246,3,3,Gollapudi,2062,Ready to move,0,Apartment,89.0
247,2,2,Enikepadu,1250,Ready to move,0,Apartment,39.0
248,2,2,Benz Circle,1350,Ready to move,East,Independent House,59.0
249,3,3,Vidhyadharpuram,1600,Under Construction,West,Independent Floor,95.0
250,6,7,Penamaluru,3700,Ready to move,0,Independent House,110.00000000000001
251,0,0,Kankipadu,1782,Resale,0,Residential Plot,16.83
252,0,0,Poranki,1800,Resale,West,Residential Plot,33.0
253,0,0,Kankipadu,1500,Resale,0,Residential Plot,20.0
254,3,3,Benz Circle,2317,Under Construction,East,Apartment,166.0
255,3,3,Gannavaram,1650,Ready to move,0,Apartment,72.0
256,2,2,Payakapuram,1000,Ready to move,0,Independent House,56.0
257,3,3,Benz Circle,2317,Under Construction,East,Apartment,166.0
258,2,2,Gannavaram,1100,Under Construction,West,Independent House,57.05
259,1,2,Rajarajeswari Peta,648,Ready to move,0,Independent House,37.18
260,3,3,Poranki,1587,Ready to move,West,Apartment,55.5
261,2,2,Poranki,1450,Ready to move,0,Apartment,48.0
262,2,2,Kankipadu,1290,Under Construction,NorthEast,Independent House,50.0
263,2,2,Poranki,1200,Ready to move,0,Apartment,40.0
264,3,3,Gannavaram,1663,Ready to move,East,Apartment,59.86
265,3,3,Gunadala,1500,Ready to move,0,Independent Floor,56.0
266,3,3,Gollapudi,2062,Ready to move,0,Apartment,89.0
267,2,2,Enikepadu,1250,Ready to move,0,Apartment,39.0
268,2,2,Benz Circle,1350,Ready to move,East,Independent House,59.0
269,3,3,Vidhyadharpuram,1600,Under Construction,West,Independent Floor,95.0
270,6,7,Penamaluru,3700,Ready to move,0,Independent House,110.00000000000001
271,0,0,Kankipadu,1782,Resale,0,Residential Plot,16.83
272,0,0,Poranki,1800,Resale,West,Residential Plot,33.0
273,0,0,Kankipadu,1500,Resale,0,Residential Plot,20.0
274,3,3,Benz Circle,2317,Under Construction,East,Apartment,166.0
275,3,3,Gannavaram,1650,Ready to move,0,Apartment,72.0
276,2,2,Payakapuram,1000,Ready to move,0,Independent House,56.0
277,3,3,Benz Circle,2317,Under Construction,East,Apartment,166.0
278,2,2,Gannavaram,1100,Under Construction,West,Independent House,57.05
279,1,2,Rajarajeswari Peta,648,Ready to move,0,Independent House,37.18
280,3,3,Poranki,1587,Ready to move,West,Apartment,55.5
281,2,2,Poranki,1450,Ready to move,0,Apartment,48.0
282,2,2,Kankipadu,1290,Under Construction,NorthEast,Independent House,50.0
283,2,2,Poranki,1200,Ready to move,0,Apartment,40.0
284,3,3,Gannavaram,1663,Ready to move,East,Apartment,59.86
285,3,3,Gunadala,1500,Ready to move,0,Independent Floor,56.0
286,3,3,Gollapudi,2062,Ready to move,0,Apartment,89.0
287,2,2,Enikepadu,1250,Ready to move,0,Apartment,39.0
288,2,2,Benz Circle,1350,Ready to move,East,Independent House,59.0
289,3,3,Vidhyadharpuram,1600,Under Construction,West,Independent Floor,95.0
290,6,7,Penamaluru,3700,Ready to move,0,Independent House,110.00000000000001
291,0,0,Kankipadu,1782,Resale,0,Residential Plot,16.83
292,0,0,Poranki,1800,Resale,West,Residential Plot,33.0
293,0,0,Kankipadu,1500,Resale,0,Residential Plot,20.0
294,3,3,Benz Circle,2317,Under Construction,East,Apartment,166.0
295,3,3,Gannavaram,1650,Ready to move,0,Apartment,72.0
296,2,2,Payakapuram,1000,Ready to move,0,Independent House,56.0
297,3,3,Benz Circle,2317,Under Construction,East,Apartment,166.0
298,2,2,Gannavaram,1100,Under Construction,West,Independent House,57.05
299,1,2,Rajarajeswari Peta,648,Ready to move,0,Independent House,37.18
300,3,3,Poranki,1587,Ready to move,West,Apartment,55.5
301,2,2,Poranki,1450,Ready to move,0,Apartment,48.0
302,2,2,Kankipadu,1290,Under Construction,NorthEast,Independent House,50.0
303,2,2,Poranki,1200,Ready to move,0,Apartment,40.0
304,3,3,Gannavaram,1663,Ready to move,East,Apartment,59.86
305,3,3,Gunadala,1500,Ready to move,0,Independent Floor,56.0
306,3,3,Gollapudi,2062,Ready to move,0,Apartment,89.0
307,2,2,Enikepadu,1250,Ready to move,0,Apartment,39.0
308,2,2,Benz Circle,1350,Ready to move,East,Independent House,59.0
309,3,3,Vidhyadharpuram,1600,Under Construction,West,Independent Floor,95.0
310,6,7,Penamaluru,3700,Ready to move,0,Independent House,110.00000000000001
311,0,0,Kankipadu,1782,Resale,0,Residential Plot,16.83
312,0,0,Poranki,1800,Resale,West,Residential Plot,33.0
313,0,0,Kankipadu,1500,Resale,0,Residential Plot,20.0
314,3,3,Benz Circle,2317,Under Construction,East,Apartment,166.0
315,3,3,Gannavaram,1650,Ready to move,0,Apartment,72.0
316,2,2,Payakapuram,1000,Ready to move,0,Independent House,56.0
317,3,3,Benz Circle,2317,Under Construction,East,Apartment,166.0
318,2,2,Gannavaram,1100,Under Construction,West,Independent House,57.05
319,1,2,Rajarajeswari Peta,648,Ready to move,0,Independent House,37.18
320,3,3,Poranki,1587,Ready to move,West,Apartment,55.5
321,2,2,Poranki,1450,Ready to move,0,Apartment,48.0
322,2,2,Kankipadu,1290,Under Construction,NorthEast,Independent House,50.0
323,2,2,Poranki,1200,Ready to move,0,Apartment,40.0
324,3,3,Gannavaram,1663,Ready to move,East,Apartment,59.86
325,3,3,Gunadala,1500,Ready to move,0,Independent Floor,56.0
326,3,3,Gollapudi,2062,Ready to move,0,Apartment,89.0
327,2,2,Enikepadu,1250,Ready to move,0,Apartment,39.0
328,2,2,Benz Circle,1350,Ready to move,East,Independent House,59.0
329,3,3,Vidhyadharpuram,1600,Under Construction,West,Independent Floor,95.0
330,6,7,Penamaluru,3700,Ready to move,0,Independent House,110.00000000000001
331,0,0,Kankipadu,1782,Resale,0,Residential Plot,16.83
332,0,0,Poranki,1800,Resale,West,Residential Plot,33.0
333,0,0,Kankipadu,1500,Resale,0,Residential Plot,20.0
334,3,3,Benz Circle,2317,Under Construction,East,Apartment,166.0
335,3,3,Gannavaram,1650,Ready to move,0,Apartment,72.0
336,2,2,Payakapuram,1000,Ready to move,0,Independent House,56.0
337,3,3,Benz Circle,2317,Under Construction,East,Apartment,166.0
338,2,2,Gannavaram,1100,Under Construction,West,Independent House,57.05
339,1,2,Rajarajeswari Peta,648,Ready to move,0,Independent House,37.18
340,3,3,Poranki,1587,Ready to move,West,Apartment,55.5
341,2,2,Poranki,1450,Ready to move,0,Apartment,48.0
342,2,2,Kankipadu,1290,Under Construction,NorthEast,Independent House,50.0
343,2,2,Poranki,1200,Ready to move,0,Apartment,40.0
344,3,3,Gannavaram,1663,Ready to move,East,Apartment,59.86
345,3,3,Gunadala,1500,Ready to move,0,Independent Floor,56.0
346,3,3,Gollapudi,2062,Ready to move,0,Apartment,89.0
347,2,2,Enikepadu,1250,Ready to move,0,Apartment,39.0
348,2,2,Benz Circle,1350,Ready to move,East,Independent House,59.0
349,3,3,Vidhyadharpuram,1600,Under Construction,West,Independent Floor,95.0
350,6,7,Penamaluru,3700,Ready to move,0,Independent House,110.00000000000001
351,0,0,Kankipadu,1782,Resale,0,Residential Plot,16.83
352,0,0,Poranki,1800,Resale,West,Residential Plot,33.0
353,0,0,Kankipadu,1500,Resale,0,Residential Plot,20.0
354,3,3,Benz Circle,2317,Under Construction,East,Apartment,166.0
355,3,3,Gannavaram,1650,Ready to move,0,Apartment,72.0
356,2,2,Payakapuram,1000,Ready to move,0,Independent House,56.0
357,3,3,Benz Circle,2317,Under Construction,East,Apartment,166.0
358,2,2,Gannavaram,1100,Under Construction,West,Independent House,57.05
359,1,2,Rajarajeswari Peta,648,Ready to move,0,Independent House,37.18
360,3,3,Poranki,1587,Ready to move,West,Apartment,55.5
361,2,2,Poranki,1450,Ready to move,0,Apartment,48.0
362,2,2,Kankipadu,1290,Under Construction,NorthEast,Independent House,50.0
363,2,2,Poranki,1200,Ready to move,0,Apartment,40.0
364,3,3,Gannavaram,1663,Ready to move,East,Apartment,59.86
365,3,3,Gunadala,1500,Ready to move,0,Independent Floor,56.0
366,3,3,Gollapudi,2062,Ready to move,0,Apartment,89.0
367,2,2,Enikepadu,1250,Ready to move,0,Apartment,39.0
368,2,2,Benz Circle,1350,Ready to move,East,Independent House,59.0
369,3,3,Vidhyadharpuram,1600,Under Construction,West,Independent Floor,95.0
370,6,7,Penamaluru,3700,Ready to move,0,Independent House,110.00000000000001
371,0,0,Kankipadu,1782,Resale,0,Residential Plot,16.83
372,0,0,Poranki,1800,Resale,West,Residential Plot,33.0
373,0,0,Kankipadu,1500,Resale,0,Residential Plot,20.0
374,3,3,Benz Circle,2317,Under Construction,East,Apartment,166.0
375,3,3,Gannavaram,1650,Ready to move,0,Apartment,72.0
376,2,2,Payakapuram,1000,Ready to move,0,Independent House,56.0
377,3,3,Benz Circle,2317,Under Construction,East,Apartment,166.0
378,2,2,Gannavaram,1100,Under Construction,West,Independent House,57.05
379,1,2,Rajarajeswari Peta,648,Ready to move,0,Independent House,37.18
380,3,3,Poranki,1587,Ready to move,West,Apartment,55.5
381,2,2,Poranki,1450,Ready to move,0,Apartment,48.0
382,2,2,Kankipadu,1290,Under Construction,NorthEast,Independent House,50.0
383,2,2,Poranki,1200,Ready to move,0,Apartment,40.0
384,3,3,Gannavaram,1663,Ready to move,East,Apartment,59.86
385,3,3,Gunadala,1500,Ready to move,0,Independent Floor,56.0
386,3,3,Gollapudi,2062,Ready to move,0,Apartment,89.0
387,2,2,Enikepadu,1250,Ready to move,0,Apartment,39.0
388,2,2,Benz Circle,1350,Ready to move,East,Independent House,59.0
389,3,3,Vidhyadharpuram,1600,Under Construction,West,Independent Floor,95.0
390,6,7,Penamaluru,3700,Ready to move,0,Independent House,110.00000000000001
391,0,0,Kankipadu,1782,Resale,0,Residential Plot,16.83
392,0,0,Poranki,1800,Resale,West,Residential Plot,33.0
393,0,0,Kankipadu,1500,Resale,0,Residential Plot,20.0
394,3,3,Benz Circle,2317,Under Construction,East,Apartment,166.0
395,3,3,Gannavaram,1650,Ready to move,0,Apartment,72.0
396,2,2,Payakapuram,1000,Ready to move,0,Independent House,56.0
397,3,3,Benz Circle,2317,Under Construction,East,Apartment,166.0
398,2,2,Gannavaram,1100,Under Construction,West,Independent House,57.05
399,1,2,Rajarajeswari Peta,648,Ready to move,0,Independent House,37.18
400,3,3,Poranki,1587,Ready to move,West,Apartment,55.5
401,2,2,Poranki,1450,Ready to move,0,Apartment,48.0
402,2,2,Kankipadu,1290,Under Construction,NorthEast,Independent House,50.0
403,2,2,Poranki,1200,Ready to move,0,Apartment,40.0
404,3,3,Gannavaram,1663,Ready to move,East,Apartment,59.86
405,3,3,Gunadala,1500,Ready to move,0,Independent Floor,56.0
406,3,3,Gollapudi,2062,Ready to move,0,Apartment,89.0
407,2,2,Enikepadu,1250,Ready to move,0,Apartment,39.0
408,2,2,Benz Circle,1350,Ready to move,East,Independent House,59.0
409,3,3,Vidhyadharpuram,1600,Under Construction,West,Independent Floor,95.0
410,6,7,Penamaluru,3700,Ready to move,0,Independent House,110.00000000000001
411,0,0,Kankipadu,1782,Resale,0,Residential Plot,16.83
412,0,0,Poranki,1800,Resale,West,Residential Plot,33.0
413,0,0,Kankipadu,1500,Resale,0,Residential Plot,20.0
414,3,3,Benz Circle,2317,Under Construction,East,Apartment,166.0
415,3,3,Gannavaram,1650,Ready to move,0,Apartment,72.0
416,2,2,Payakapuram,1000,Ready to move,0,Independent House,56.0
417,3,3,Benz Circle,2317,Under Construction,East,Apartment,166.0
418,2,2,Gannavaram,1100,Under Construction,West,Independent House,57.05
419,1,2,Rajarajeswari Peta,648,Ready to move,0,Independent House,37.18
420,3,3,Poranki,1587,Ready to move,West,Apartment,55.5
421,2,2,Poranki,1450,Ready to move,0,Apartment,48.0
422,2,2,Kankipadu,1290,Under Construction,NorthEast,Independent House,50.0
423,2,2,Poranki,1200,Ready to move,0,Apartment,40.0
424,3,3,Gannavaram,1663,Ready to move,East,Apartment,59.86
425,3,3,Gunadala,1500,Ready to move,0,Independent Floor,56.0
426,3,3,Gollapudi,2062,Ready to move,0,Apartment,89.0
427,2,2,Enikepadu,1250,Ready to move,0,Apartment,39.0
428,2,2,Benz Circle,1350,Ready to move,East,Independent House,59.0
429,3,3,Vidhyadharpuram,1600,Under Construction,West,Independent Floor,95.0
430,6,7,Penamaluru,3700,Ready to move,0,Independent House,110.00000000000001
431,0,0,Kankipadu,1782,Resale,0,Residential Plot,16.83
432,0,0,Poranki,1800,Resale,West,Residential Plot,33.0
433,0,0,Kankipadu,1500,Resale,0,Residential Plot,20.0
434,3,3,Benz Circle,2317,Under Construction,East,Apartment,166.0
435,3,3,Gannavaram,1650,Ready to move,0,Apartment,72.0
436,2,2,Payakapuram,1000,Ready to move,0,Independent House,56.0
437,3,3,Benz Circle,2317,Under Construction,East,Apartment,166.0
438,2,2,Gannavaram,1100,Under Construction,West,Independent House,57.05
439,1,2,Rajarajeswari Peta,648,Ready to move,0,Independent House,37.18
440,3,3,Poranki,1587,Ready to move,West,Apartment,55.5
441,2,2,Poranki,1450,Ready to move,0,Apartment,48.0
442,2,2,Kankipadu,1290,Under Construction,NorthEast,Independent House,50.0
443,2,2,Poranki,1200,Ready to move,0,Apartment,40.0
444,3,3,Gannavaram,1663,Ready to move,East,Apartment,59.86
445,3,3,Gunadala,1500,Ready to move,0,Independent Floor,56.0
446,3,3,Gollapudi,2062,Ready to move,0,Apartment,89.0
447,2,2,Enikepadu,1250,Ready to move,0,Apartment,39.0
448,2,2,Benz Circle,1350,Ready to move,East,Independent House,59.0
449,3,3,Vidhyadharpuram,1600,Under Construction,West,Independent Floor,95.0
450,6,7,Penamaluru,3700,Ready to move,0,Independent House,110.00000000000001
451,0,0,Kankipadu,1782,Resale,0,Residential Plot,16.83
452,0,0,Poranki,1800,Resale,West,Residential Plot,33.0
453,0,0,Kankipadu,1500,Resale,0,Residential Plot,20.0
454,3,3,Benz Circle,2317,Under Construction,East,Apartment,166.0
455,3,3,Gannavaram,1650,Ready to move,0,Apartment,72.0
456,2,2,Payakapuram,1000,Ready to move,0,Independent House,56.0
457,3,3,Benz Circle,2317,Under Construction,East,Apartment,166.0
458,2,2,Gannavaram,1100,Under Construction,West,Independent House,57.05
459,1,2,Rajarajeswari Peta,648,Ready to move,0,Independent House,37.18
460,3,3,Poranki,1587,Ready to move,West,Apartment,55.5
461,2,2,Poranki,1450,Ready to move,0,Apartment,48.0
462,2,2,Kankipadu,1290,Under Construction,NorthEast,Independent House,50.0
463,2,2,Poranki,1200,Ready to move,0,Apartment,40.0
464,3,3,Gannavaram,1663,Ready to move,East,Apartment,59.86
465,3,3,Gunadala,1500,Ready to move,0,Independent Floor,56.0
466,3,3,Gollapudi,2062,Ready to move,0,Apartment,89.0
467,2,2,Enikepadu,1250,Ready to move,0,Apartment,39.0
468,2,2,Benz Circle,1350,Ready to move,East,Independent House,59.0
469,3,3,Vidhyadharpuram,1600,Under Construction,West,Independent Floor,95.0
470,6,7,Penamaluru,3700,Ready to move,0,Independent House,110.00000000000001
471,0,0,Kankipadu,1782,Resale,0,Residential Plot,16.83
472,0,0,Poranki,1800,Resale,West,Residential Plot,33.0
473,0,0,Kankipadu,1500,Resale,0,Residential Plot,20.0
474,3,3,Benz Circle,2317,Under Construction,East,Apartment,166.0
475,3,3,Gannavaram,1650,Ready to move,0,Apartment,72.0
476,2,2,Payakapuram,1000,Ready to move,0,Independent House,56.0
477,3,3,Benz Circle,2317,Under Construction,East,Apartment,166.0
478,2,2,Gannavaram,1100,Under Construction,West,Independent House,57.05
479,1,2,Rajarajeswari Peta,648,Ready to move,0,Independent House,37.18
480,3,3,Poranki,1587,Ready to move,West,Apartment,55.5
481,2,2,Poranki,1450,Ready to move,0,Apartment,48.0
482,2,2,Kankipadu,1290,Under Construction,NorthEast,Independent House,50.0
483,2,2,Poranki,1200,Ready to move,0,Apartment,40.0
484,3,3,Gannavaram,1663,Ready to move,East,Apartment,59.86
485,3,3,Gunadala,1500,Ready to move,0,Independent Floor,56.0
486,3,3,Gollapudi,2062,Ready to move,0,Apartment,89.0
487,2,2,Enikepadu,1250,Ready to move,0,Apartment,39.0
488,2,2,Benz Circle,1350,Ready to move,East,Independent House,59.0
489,3,3,Vidhyadharpuram,1600,Under Construction,West,Independent Floor,95.0
490,6,7,Penamaluru,3700,Ready to move,0,Independent House,110.00000000000001
491,0,0,Kankipadu,1782,Resale,0,Residential Plot,16.83
492,0,0,Poranki,1800,Resale,West,Residential Plot,33.0
493,0,0,Kankipadu,1500,Resale,0,Residential Plot,20.0
494,3,3,Benz Circle,2317,Under Construction,East,Apartment,166.0
495,3,3,Gannavaram,1650,Ready to move,0,Apartment,72.0
496,2,2,Payakapuram,1000,Ready to move,0,Independent House,56.0
497,3,3,Benz Circle,2317,Under Construction,East,Apartment,166.0
498,2,2,Gannavaram,1100,Under Construction,West,Independent House,57.05
499,1,2,Rajarajeswari Peta,648,Ready to move,0,Independent House,37.18
500,3,3,Poranki,1587,Ready to move,West,Apartment,55.5
501,2,2,Poranki,1450,Ready to move,0,Apartment,48.0
502,2,2,Kankipadu,1290,Under Construction,NorthEast,Independent House,50.0
503,2,2,Poranki,1200,Ready to move,0,Apartment,40.0
504,3,3,Gannavaram,1663,Ready to move,East,Apartment,59.86
505,3,3,Gunadala,1500,Ready to move,0,Independent Floor,56.0
506,3,3,Gollapudi,2062,Ready to move,0,Apartment,89.0
507,2,2,Enikepadu,1250,Ready to move,0,Apartment,39.0
508,2,2,Benz Circle,1350,Ready to move,East,Independent House,59.0
509,3,3,Vidhyadharpuram,1600,Under Construction,West,Independent Floor,95.0
510,6,7,Penamaluru,3700,Ready to move,0,Independent House,110.00000000000001
511,0,0,Kankipadu,1782,Resale,0,Residential Plot,16.83
512,0,0,Poranki,1800,Resale,West,Residential Plot,33.0
513,0,0,Kankipadu,1500,Resale,0,Residential Plot,20.0
514,3,3,Benz Circle,2317,Under Construction,East,Apartment,166.0
515,3,3,Gannavaram,1650,Ready to move,0,Apartment,72.0
516,2,2,Payakapuram,1000,Ready to move,0,Independent House,56.0
517,3,3,Benz Circle,2317,Under Construction,East,Apartment,166.0
518,2,2,Gannavaram,1100,Under Construction,West,Independent House,57.05
519,1,2,Rajarajeswari Peta,648,Ready to move,0,Independent House,37.18
520,3,3,Poranki,1587,Ready to move,West,Apartment,55.5
521,2,2,Poranki,1450,Ready to move,0,Apartment,48.0
522,2,2,Kankipadu,1290,Under Construction,NorthEast,Independent House,50.0
523,2,2,Poranki,1200,Ready to move,0,Apartment,40.0
524,3,3,Gannavaram,1663,Ready to move,East,Apartment,59.86
525,3,3,Gunadala,1500,Ready to move,0,Independent Floor,56.0
526,3,3,Gollapudi,2062,Ready to move,0,Apartment,89.0
527,2,2,Enikepadu,1250,Ready to move,0,Apartment,39.0
528,2,2,Benz Circle,1350,Ready to move,East,Independent House,59.0
529,3,3,Vidhyadharpuram,1600,Under Construction,West,Independent Floor,95.0
530,6,7,Penamaluru,3700,Ready to move,0,Independent House,110.00000000000001
531,0,0,Kankipadu,1782,Resale,0,Residential Plot,16.83
532,0,0,Poranki,1800,Resale,West,Residential Plot,33.0
533,0,0,Kankipadu,1500,Resale,0,Residential Plot,20.0
534,3,3,Benz Circle,2317,Under Construction,East,Apartment,166.0
535,3,3,Gannavaram,1650,Ready to move,0,Apartment,72.0
536,2,2,Payakapuram,1000,Ready to move,0,Independent House,56.0
537,3,3,Benz Circle,2317,Under Construction,East,Apartment,166.0
538,2,2,Gannavaram,1100,Under Construction,West,Independent House,57.05
539,1,2,Rajarajeswari Peta,648,Ready to move,0,Independent House,37.18
540,3,3,Poranki,1587,Ready to move,West,Apartment,55.5
541,2,2,Poranki,1450,Ready to move,0,Apartment,48.0
542,2,2,Kankipadu,1290,Under Construction,NorthEast,Independent House,50.0
543,2,2,Poranki,1200,Ready to move,0,Apartment,40.0
544,3,3,Gannavaram,1663,Ready to move,East,Apartment,59.86
545,3,3,Gunadala,1500,Ready to move,0,Independent Floor,56.0
546,3,3,Gollapudi,2062,Ready to move,0,Apartment,89.0
547,2,2,Enikepadu,1250,Ready to move,0,Apartment,39.0
548,2,2,Benz Circle,1350,Ready to move,East,Independent House,59.0
549,3,3,Vidhyadharpuram,1600,Under Construction,West,Independent Floor,95.0
550,6,7,Penamaluru,3700,Ready to move,0,Independent House,110.00000000000001
551,0,0,Kankipadu,1782,Resale,0,Residential Plot,16.83
552,0,0,Poranki,1800,Resale,West,Residential Plot,33.0
553,0,0,Kankipadu,1500,Resale,0,Residential Plot,20.0
554,3,3,Benz Circle,2317,Under Construction,East,Apartment,166.0
555,3,3,Gannavaram,1650,Ready to move,0,Apartment,72.0
556,2,2,Payakapuram,1000,Ready to move,0,Independent House,56.0
557,3,3,Benz Circle,2317,Under Construction,East,Apartment,166.0
558,2,2,Gannavaram,1100,Under Construction,West,Independent House,57.05
559,1,2,Rajarajeswari Peta,648,Ready to move,0,Independent House,37.18
560,3,3,Poranki,1587,Ready to move,West,Apartment,55.5
561,2,2,Poranki,1450,Ready to move,0,Apartment,48.0
562,2,2,Kankipadu,1290,Under Construction,NorthEast,Independent House,50.0
563,2,2,Poranki,1200,Ready to move,0,Apartment,40.0
564,3,3,Gannavaram,1663,Ready to move,East,Apartment,59.86
565,3,3,Gunadala,1500,Ready to move,0,Independent Floor,56.0
566,3,3,Gollapudi,2062,Ready to move,0,Apartment,89.0
567,2,2,Enikepadu,1250,Ready to move,0,Apartment,39.0
568,2,2,Benz Circle,1350,Ready to move,East,Independent House,59.0
569,3,3,Vidhyadharpuram,1600,Under Construction,West,Independent Floor,95.0
570,6,7,Penamaluru,3700,Ready to move,0,Independent House,110.00000000000001
571,0,0,Kankipadu,1782,Resale,0,Residential Plot,16.83
572,0,0,Poranki,1800,Resale,West,Residential Plot,33.0
573,0,0,Kankipadu,1500,Resale,0,Residential Plot,20.0
574,3,3,Benz Circle,2317,Under Construction,East,Apartment,166.0
575,3,3,Gannavaram,1650,Ready to move,0,Apartment,72.0
576,2,2,Payakapuram,1000,Ready to move,0,Independent House,56.0
577,3,3,Benz Circle,2317,Under Construction,East,Apartment,166.0
578,2,2,Gannavaram,1100,Under Construction,West,Independent House,57.05
579,1,2,Rajarajeswari Peta,648,Ready to move,0,Independent House,37.18
580,3,3,Poranki,1587,Ready to move,West,Apartment,55.5
581,2,2,Poranki,1450,Ready to move,0,Apartment,48.0
582,2,2,Kankipadu,1290,Under Construction,NorthEast,Independent House,50.0
583,2,2,Poranki,1200,Ready to move,0,Apartment,40.0
584,3,3,Gannavaram,1663,Ready to move,East,Apartment,59.86
585,3,3,Gunadala,1500,Ready to move,0,Independent Floor,56.0
586,3,3,Gollapudi,2062,Ready to move,0,Apartment,89.0
587,2,2,Enikepadu,1250,Ready to move,0,Apartment,39.0
588,2,2,Benz Circle,1350,Ready to move,East,Independent House,59.0
589,3,3,Vidhyadharpuram,1600,Under Construction,West,Independent Floor,95.0
590,6,7,Penamaluru,3700,Ready to move,0,Independent House,110.00000000000001
591,0,0,Kankipadu,1782,Resale,0,Residential Plot,16.83
592,0,0,Poranki,1800,Resale,West,Residential Plot,33.0
593,0,0,Kankipadu,1500,Resale,0,Residential Plot,20.0
594,3,3,Benz Circle,2317,Under Construction,East,Apartment,166.0
595,3,3,Gannavaram,1650,Ready to move,0,Apartment,72.0
596,2,2,Payakapuram,1000,Ready to move,0,Independent House,56.0
597,3,3,Benz Circle,2317,Under Construction,East,Apartment,166.0
598,2,2,Gannavaram,1100,Under Construction,West,Independent House,57.05
599,1,2,Rajarajeswari Peta,648,Ready to move,0,Independent House,37.18
600,3,3,Poranki,1587,Ready to move,West,Apartment,55.5
601,2,2,Poranki,1450,Ready to move,0,Apartment,48.0
602,2,2,Kankipadu,1290,Under Construction,NorthEast,Independent House,50.0
603,2,2,Poranki,1200,Ready to move,0,Apartment,40.0
604,3,3,Gannavaram,1663,Ready to move,East,Apartment,59.86
605,3,3,Gunadala,1500,Ready to move,0,Independent Floor,56.0
606,3,3,Gollapudi,2062,Ready to move,0,Apartment,89.0
607,2,2,Enikepadu,1250,Ready to move,0,Apartment,39.0
608,2,2,Benz Circle,1350,Ready to move,East,Independent House,59.0
609,3,3,Vidhyadharpuram,1600,Under Construction,West,Independent Floor,95.0
610,6,7,Penamaluru,3700,Ready to move,0,Independent House,110.00000000000001
611,0,0,Kankipadu,1782,Resale,0,Residential Plot,16.83
612,0,0,Poranki,1800,Resale,West,Residential Plot,33.0
613,0,0,Kankipadu,1500,Resale,0,Residential Plot,20.0
614,3,3,Benz Circle,2317,Under Construction,East,Apartment,166.0
615,3,3,Gannavaram,1650,Ready to move,0,Apartment,72.0
616,2,2,Payakapuram,1000,Ready to move,0,Independent House,56.0
617,3,3,Benz Circle,2317,Under Construction,East,Apartment,166.0
618,2,2,Gannavaram,1100,Under Construction,West,Independent House,57.05
619,1,2,Rajarajeswari Peta,648,Ready to move,0,Independent House,37.18
620,3,3,Poranki,1587,Ready to move,West,Apartment,55.5
621,2,2,Poranki,1450,Ready to move,0,Apartment,48.0
622,2,2,Kankipadu,1290,Under Construction,NorthEast,Independent House,50.0
623,2,2,Poranki,1200,Ready to move,0,Apartment,40.0
624,3,3,Gannavaram,1663,Ready to move,East,Apartment,59.86
625,3,3,Gunadala,1500,Ready to move,0,Independent Floor,56.0
626,3,3,Gollapudi,2062,Ready to move,0,Apartment,89.0
627,2,2,Enikepadu,1250,Ready to move,0,Apartment,39.0
628,2,2,Benz Circle,1350,Ready to move,East,Independent House,59.0
629,3,3,Vidhyadharpuram,1600,Under Construction,West,Independent Floor,95.0
630,6,7,Penamaluru,3700,Ready to move,0,Independent House,110.00000000000001
631,0,0,Kankipadu,1782,Resale,0,Residential Plot,16.83
632,0,0,Poranki,1800,Resale,West,Residential Plot,33.0
633,0,0,Kankipadu,1500,Resale,0,Residential Plot,20.0
634,3,3,Benz Circle,2317,Under Construction,East,Apartment,166.0
635,3,3,Gannavaram,1650,Ready to move,0,Apartment,72.0
636,2,2,Payakapuram,1000,Ready to move,0,Independent House,56.0
637,3,3,Benz Circle,2317,Under Construction,East,Apartment,166.0
638,2,2,Gannavaram,1100,Under Construction,West,Independent House,57.05
639,1,2,Rajarajeswari Peta,648,Ready to move,0,Independent House,37.18
640,3,3,Poranki,1587,Ready to move,West,Apartment,55.5
641,2,2,Poranki,1450,Ready to move,0,Apartment,48.0
642,2,2,Kankipadu,1290,Under Construction,NorthEast,Independent House,50.0
643,2,2,Poranki,1200,Ready to move,0,Apartment,40.0
644,3,3,Gannavaram,1663,Ready to move,East,Apartment,59.86
645,3,3,Gunadala,1500,Ready to move,0,Independent Floor,56.0
646,3,3,Gollapudi,2062,Ready to move,0,Apartment,89.0
647,2,2,Enikepadu,1250,Ready to move,0,Apartment,39.0
648,2,2,Benz Circle,1350,Ready to move,East,Independent House,59.0
649,3,3,Vidhyadharpuram,1600,Under Construction,West,Independent Floor,95.0
650,6,7,Penamaluru,3700,Ready to move,0,Independent House,110.00000000000001
651,0,0,Kankipadu,1782,Resale,0,Residential Plot,16.83
652,0,0,Poranki,1800,Resale,West,Residential Plot,33.0
653,0,0,Kankipadu,1500,Resale,0,Residential Plot,20.0
654,3,3,Benz Circle,2317,Under Construction,East,Apartment,166.0
655,3,3,Gannavaram,1650,Ready to move,0,Apartment,72.0
656,2,2,Payakapuram,1000,Ready to move,0,Independent House,56.0
657,3,3,Benz Circle,2317,Under Construction,East,Apartment,166.0
658,2,2,Gannavaram,1100,Under Construction,West,Independent House,57.05
659,1,2,Rajarajeswari Peta,648,Ready to move,0,Independent House,37.18
660,3,3,Poranki,1587,Ready to move,West,Apartment,55.5
661,2,2,Poranki,1450,Ready to move,0,Apartment,48.0
662,2,2,Kankipadu,1290,Under Construction,NorthEast,Independent House,50.0
663,2,2,Poranki,1200,Ready to move,0,Apartment,40.0
664,3,3,Gannavaram,1663,Ready to move,East,Apartment,59.86
665,3,3,Gunadala,1500,Ready to move,0,Independent Floor,56.0
666,3,3,Gollapudi,2062,Ready to move,0,Apartment,89.0
667,2,2,Enikepadu,1250,Ready to move,0,Apartment,39.0
668,2,2,Benz Circle,1350,Ready to move,East,Independent House,59.0
669,3,3,Vidhyadharpuram,1600,Under Construction,West,Independent Floor,95.0
670,6,7,Penamaluru,3700,Ready to move,0,Independent House,110.00000000000001
671,0,0,Kankipadu,1782,Resale,0,Residential Plot,16.83
672,0,0,Poranki,1800,Resale,West,Residential Plot,33.0
673,0,0,Kankipadu,1500,Resale,0,Residential Plot,20.0
674,3,3,Benz Circle,2317,Under Construction,East,Apartment,166.0
675,3,3,Gannavaram,1650,Ready to move,0,Apartment,72.0
676,2,2,Payakapuram,1000,Ready to move,0,Independent House,56.0
677,3,3,Benz Circle,2317,Under Construction,East,Apartment,166.0
678,2,2,Gannavaram,1100,Under Construction,West,Independent House,57.05
679,1,2,Rajarajeswari Peta,648,Ready to move,0,Independent House,37.18
680,3,3,Poranki,1587,Ready to move,West,Apartment,55.5
681,2,2,Poranki,1450,Ready to move,0,Apartment,48.0
682,2,2,Kankipadu,1290,Under Construction,NorthEast,Independent House,50.0
683,2,2,Poranki,1200,Ready to move,0,Apartment,40.0
684,3,3,Gannavaram,1663,Ready to move,East,Apartment,59.86
685,3,3,Gunadala,1500,Ready to move,0,Independent Floor,56.0
686,3,3,Gollapudi,2062,Ready to move,0,Apartment,89.0
687,2,2,Enikepadu,1250,Ready to move,0,Apartment,39.0
688,2,2,Benz Circle,1350,Ready to move,East,Independent House,59.0
689,3,3,Vidhyadharpuram,1600,Under Construction,West,Independent Floor,95.0
690,6,7,Penamaluru,3700,Ready to move,0,Independent House,110.00000000000001
691,0,0,Kankipadu,1782,Resale,0,Residential Plot,16.83
692,0,0,Poranki,1800,Resale,West,Residential Plot,33.0
693,0,0,Kankipadu,1500,Resale,0,Residential Plot,20.0
694,3,3,Benz Circle,2317,Under Construction,East,Apartment,166.0
695,3,3,Gannavaram,1650,Ready to move,0,Apartment,72.0
696,2,2,Payakapuram,1000,Ready to move,0,Independent House,56.0
697,3,3,Benz Circle,2317,Under Construction,East,Apartment,166.0
698,2,2,Gannavaram,1100,Under Construction,West,Independent House,57.05
699,1,2,Rajarajeswari Peta,648,Ready to move,0,Independent House,37.18
700,3,3,Poranki,1587,Ready to move,West,Apartment,55.5
701,2,2,Poranki,1450,Ready to move,0,Apartment,48.0
702,2,2,Kankipadu,1290,Under Construction,NorthEast,Independent House,50.0
703,2,2,Poranki,1200,Ready to move,0,Apartment,40.0
704,3,3,Gannavaram,1663,Ready to move,East,Apartment,59.86
705,3,3,Gunadala,1500,Ready to move,0,Independent Floor,56.0
706,3,3,Gollapudi,2062,Ready to move,0,Apartment,89.0
707,2,2,Enikepadu,1250,Ready to move,0,Apartment,39.0
708,2,2,Benz Circle,1350,Ready to move,East,Independent House,59.0
709,3,3,Vidhyadharpuram,1600,Under Construction,West,Independent Floor,95.0
710,6,7,Penamaluru,3700,Ready to move,0,Independent House,110.00000000000001
711,0,0,Kankipadu,1782,Resale,0,Residential Plot,16.83
712,0,0,Poranki,1800,Resale,West,Residential Plot,33.0
713,0,0,Kankipadu,1500,Resale,0,Residential Plot,20.0
714,3,3,Benz Circle,2317,Under Construction,East,Apartment,166.0
715,3,3,Gannavaram,1650,Ready to move,0,Apartment,72.0
716,2,2,Payakapuram,1000,Ready to move,0,Independent House,56.0
717,3,3,Benz Circle,2317,Under Construction,East,Apartment,166.0
718,2,2,Gannavaram,1100,Under Construction,West,Independent House,57.05
719,1,2,Rajarajeswari Peta,648,Ready to move,0,Independent House,37.18
720,3,3,Poranki,1587,New,West,Apartment,55.5
721,2,2,Poranki,1450,New,0,Apartment,48.0
722,2,2,Kankipadu,1290,New,NorthEast,Independent House,50.0
723,2,2,Poranki,1200,New,0,Apartment,40.0
724,3,3,Gannavaram,1663,New,East,Apartment,59.86
725,3,3,Gunadala,1500,New,0,Independent Floor,56.0
726,3,3,Gollapudi,2062,New,0,Apartment,89.0
727,2,2,Enikepadu,1250,New,0,Apartment,39.0
728,2,2,Benz Circle,1350,New,East,Independent House,59.0
729,3,3,Vidhyadharpuram,1600,New,West,Independent Floor,95.0
730,6,7,Penamaluru,3700,New,0,Independent House,110.00000000000001
731,0,0,Kankipadu,1782,New,0,Residential Plot,16.83
732,0,0,Poranki,1800,New,West,Residential Plot,33.0
733,0,0,Kankipadu,1500,New,0,Residential Plot,20.0
734,3,3,Benz Circle,2317,New,East,Apartment,166.0
735,3,3,Gannavaram,1650,New,0,Apartment,72.0
736,2,2,Payakapuram,1000,Under Construction,0,Independent House,56.0
737,3,3,Benz Circle,2317,Under Construction,East,Apartment,166.0
738,2,2,Gannavaram,1100,Under Construction,West,Independent House,57.05
739,1,2,Rajarajeswari Peta,648,New,0,Independent House,37.18
740,3,3,Poranki,1587,Ready to move,West,Apartment,55.5
741,2,2,Poranki,1450,Ready to move,0,Apartment,48.0
742,2,2,Kankipadu,1290,Under Construction,NorthEast,Independent House,50.0
743,2,2,Poranki,1200,Ready to move,0,Apartment,40.0
744,3,3,Gannavaram,1663,Ready to move,East,Apartment,59.86
745,3,3,Gunadala,1500,Ready to move,0,Independent Floor,56.0
746,3,3,Gollapudi,2062,Ready to move,0,Apartment,89.0
747,2,2,Enikepadu,1250,Ready to move,0,Apartment,39.0
748,2,2,Benz Circle,1350,Ready to move,East,Independent House,59.0
749,3,3,Vidhyadharpuram,1600,Under Construction,West,Independent Floor,95.0
750,6,7,Penamaluru,3700,Ready to move,0,Independent House,110.00000000000001
751,0,0,Kankipadu,1782,Resale,0,Residential Plot,16.83
752,0,0,Poranki,1800,Resale,West,Residential Plot,33.0
753,0,0,Kankipadu,1500,Resale,0,Residential Plot,20.0
754,3,3,Benz Circle,2317,Under Construction,East,Apartment,166.0
755,3,3,Gannavaram,1650,Ready to move,0,Apartment,72.0
756,2,2,Payakapuram,1000,Ready to move,0,Independent House,56.0
757,3,3,Benz Circle,2317,Under Construction,East,Apartment,166.0
758,2,2,Gannavaram,1100,Under Construction,West,Independent House,57.05
759,1,2,Rajarajeswari Peta,648,Ready to move,0,Independent House,37.18
760,3,3,Poranki,1587,Ready to move,West,Apartment,55.5
761,2,2,Poranki,1450,Ready to move,0,Apartment,48.0
762,2,2,Kankipadu,1290,Under Construction,NorthEast,Independent House,50.0
763,2,2,Poranki,1200,Ready to move,0,Apartment,40.0
764,3,3,Gannavaram,1663,Ready to move,East,Apartment,59.86
765,3,3,Gunadala,1500,Ready to move,0,Independent Floor,56.0
766,3,3,Gollapudi,2062,Ready to move,0,Apartment,89.0
767,2,2,Enikepadu,1250,Ready to move,0,Apartment,39.0
768,2,2,Benz Circle,1350,Ready to move,East,Independent House,59.0
769,3,3,Vidhyadharpuram,1600,Under Construction,West,Independent Floor,95.0
770,6,7,Penamaluru,3700,Ready to move,0,Independent House,110.00000000000001
771,0,0,Kankipadu,1782,Resale,0,Residential Plot,16.83
772,0,0,Poranki,1800,Resale,West,Residential Plot,33.0
773,0,0,Kankipadu,1500,Resale,0,Residential Plot,20.0
774,3,3,Benz Circle,2317,Under Construction,East,Apartment,166.0
775,3,3,Gannavaram,1650,Ready to move,0,Apartment,72.0
776,2,2,Payakapuram,1000,Ready to move,0,Independent House,56.0
777,3,3,Benz Circle,2317,Under Construction,East,Apartment,166.0
778,2,2,Gannavaram,1100,Under Construction,West,Independent House,57.05
779,1,2,Rajarajeswari Peta,648,Ready to move,0,Independent House,37.18
780,3,3,Poranki,1587,Ready to move,West,Apartment,55.5
781,2,2,Poranki,1450,Ready to move,0,Apartment,48.0
782,2,2,Kankipadu,1290,Under Construction,NorthEast,Independent House,50.0
783,2,2,Poranki,1200,Ready to move,0,Apartment,40.0
784,3,3,Gannavaram,1663,Ready to move,East,Apartment,59.86
785,3,3,Gunadala,1500,Ready to move,0,Independent Floor,56.0
786,3,3,Gollapudi,2062,Ready to move,0,Apartment,89.0
787,2,2,Enikepadu,1250,Ready to move,0,Apartment,39.0
788,2,2,Benz Circle,1350,Ready to move,East,Independent House,59.0
789,3,3,Vidhyadharpuram,1600,Under Construction,West,Independent Floor,95.0
790,6,7,Penamaluru,3700,Ready to move,0,Independent House,110.00000000000001
791,0,0,Kankipadu,1782,Resale,0,Residential Plot,16.83
792,0,0,Poranki,1800,Resale,West,Residential Plot,33.0
793,0,0,Kankipadu,1500,Resale,0,Residential Plot,20.0
794,3,3,Benz Circle,2317,Under Construction,East,Apartment,166.0
795,3,3,Gannavaram,1650,Ready to move,0,Apartment,72.0
796,2,2,Payakapuram,1000,Ready to move,0,Independent House,56.0
797,3,3,Benz Circle,2317,Under Construction,East,Apartment,166.0
798,2,2,Gannavaram,1100,Under Construction,West,Independent House,57.05
799,1,2,Rajarajeswari Peta,648,Ready to move,0,Independent House,37.18
800,3,3,Poranki,1587,Ready to move,West,Apartment,55.5
801,2,2,Poranki,1450,Ready to move,0,Apartment,48.0
802,2,2,Kankipadu,1290,Under Construction,NorthEast,Independent House,50.0
803,2,2,Poranki,1200,Ready to move,0,Apartment,40.0
804,3,3,Gannavaram,1663,Ready to move,East,Apartment,59.86
805,3,3,Gunadala,1500,Ready to move,0,Independent Floor,56.0
806,3,3,Gollapudi,2062,Ready to move,0,Apartment,89.0
807,2,2,Enikepadu,1250,Ready to move,0,Apartment,39.0
808,2,2,Benz Circle,1350,Ready to move,East,Independent House,59.0
809,3,3,Vidhyadharpuram,1600,Under Construction,West,Independent Floor,95.0
810,6,7,Penamaluru,3700,Ready to move,0,Independent House,110.00000000000001
811,0,0,Kankipadu,1782,Resale,0,Residential Plot,16.83
812,0,0,Poranki,1800,Resale,West,Residential Plot,33.0
813,0,0,Kankipadu,1500,Resale,0,Residential Plot,20.0
814,3,3,Benz Circle,2317,Under Construction,East,Apartment,166.0
815,3,3,Gannavaram,1650,Ready to move,0,Apartment,72.0
816,2,2,Payakapuram,1000,Ready to move,0,Independent House,56.0
817,3,3,Benz Circle,2317,Under Construction,East,Apartment,166.0
818,2,2,Gannavaram,1100,Under Construction,West,Independent House,57.05
819,1,2,Rajarajeswari Peta,648,Ready to move,0,Independent House,37.18
820,3,3,Poranki,1587,Ready to move,West,Apartment,55.5
821,2,2,Poranki,1450,Ready to move,0,Apartment,48.0
822,2,2,Kankipadu,1290,Under Construction,NorthEast,Independent House,50.0
823,2,2,Poranki,1200,Ready to move,0,Apartment,40.0
824,3,3,Gannavaram,1663,Ready to move,East,Apartment,59.86
825,3,3,Gunadala,1500,Ready to move,0,Independent Floor,56.0
826,3,3,Gollapudi,2062,Ready to move,0,Apartment,89.0
827,2,2,Enikepadu,1250,Ready to move,0,Apartment,39.0
828,2,2,Benz Circle,1350,Ready to move,East,Independent House,59.0
829,3,3,Vidhyadharpuram,1600,Under Construction,West,Independent Floor,95.0
830,6,7,Penamaluru,3700,Ready to move,0,Independent House,110.00000000000001
831,0,0,Kankipadu,1782,Resale,0,Residential Plot,16.83
832,0,0,Poranki,1800,Resale,West,Residential Plot,33.0
833,0,0,Kankipadu,1500,Resale,0,Residential Plot,20.0
834,3,3,Benz Circle,2317,Under Construction,East,Apartment,166.0
835,3,3,Gannavaram,1650,Ready to move,0,Apartment,72.0
836,2,2,Payakapuram,1000,Ready to move,0,Independent House,56.0
837,3,3,Benz Circle,2317,Under Construction,East,Apartment,166.0
838,2,2,Gannavaram,1100,Under Construction,West,Independent House,57.05
839,1,2,Rajarajeswari Peta,648,Ready to move,0,Independent House,37.18
840,3,3,Poranki,1587,Ready to move,West,Apartment,55.5
841,2,2,Poranki,1450,Ready to move,0,Apartment,48.0
842,2,2,Kankipadu,1290,Under Construction,NorthEast,Independent House,50.0
843,2,2,Poranki,1200,Ready to move,0,Apartment,40.0
844,3,3,Gannavaram,1663,Ready to move,East,Apartment,59.86
845,3,3,Gunadala,1500,Ready to move,0,Independent Floor,56.0
846,3,3,Gollapudi,2062,Ready to move,0,Apartment,89.0
847,2,2,Enikepadu,1250,Ready to move,0,Apartment,39.0
848,2,2,Benz Circle,1350,Ready to move,East,Independent House,59.0
849,3,3,Vidhyadharpuram,1600,Under Construction,West,Independent Floor,95.0
850,6,7,Penamaluru,3700,Ready to move,0,Independent House,110.00000000000001
851,0,0,Kankipadu,1782,Resale,0,Residential Plot,16.83
852,0,0,Poranki,1800,Resale,West,Residential Plot,33.0
853,0,0,Kankipadu,1500,Resale,0,Residential Plot,20.0
854,3,3,Benz Circle,2317,Under Construction,East,Apartment,166.0
855,3,3,Gannavaram,1650,Ready to move,0,Apartment,72.0
856,2,2,Payakapuram,1000,Ready to move,0,Independent House,56.0
857,3,3,Benz Circle,2317,Under Construction,East,Apartment,166.0
858,2,2,Gannavaram,1100,Under Construction,West,Independent House,57.05
859,1,2,Rajarajeswari Peta,648,Ready to move,0,Independent House,37.18
860,3,3,Poranki,1587,Ready to move,West,Apartment,55.5
861,2,2,Poranki,1450,Ready to move,0,Apartment,48.0
862,2,2,Kankipadu,1290,Under Construction,NorthEast,Independent House,50.0
863,2,2,Poranki,1200,Ready to move,0,Apartment,40.0
864,3,3,Gannavaram,1663,Ready to move,East,Apartment,59.86
865,3,3,Gunadala,1500,Ready to move,0,Independent Floor,56.0
866,3,3,Gollapudi,2062,Ready to move,0,Apartment,89.0
867,2,2,Enikepadu,1250,Ready to move,0,Apartment,39.0
868,2,2,Benz Circle,1350,Ready to move,East,Independent House,59.0
869,3,3,Vidhyadharpuram,1600,Under Construction,West,Independent Floor,95.0
870,6,7,Penamaluru,3700,Ready to move,0,Independent House,110.00000000000001
871,0,0,Kankipadu,1782,Resale,0,Residential Plot,16.83
872,0,0,Poranki,1800,Resale,West,Residential Plot,33.0
873,0,0,Kankipadu,1500,Resale,0,Residential Plot,20.0
874,3,3,Benz Circle,2317,Under Construction,East,Apartment,166.0
875,3,3,Gannavaram,1650,Ready to move,0,Apartment,72.0
876,2,2,Payakapuram,1000,Ready to move,0,Independent House,56.0
877,3,3,Benz Circle,2317,Under Construction,East,Apartment,166.0
878,2,2,Gannavaram,1100,Under Construction,West,Independent House,57.05
879,1,2,Rajarajeswari Peta,648,Ready to move,0,Independent House,37.18
880,3,3,Poranki,1587,Ready to move,West,Apartment,55.5
881,2,2,Poranki,1450,Ready to move,0,Apartment,48.0
882,2,2,Kankipadu,1290,Under Construction,NorthEast,Independent House,50.0
883,2,2,Poranki,1200,Ready to move,0,Apartment,40.0
884,3,3,Gannavaram,1663,Ready to move,East,Apartment,59.86
885,3,3,Gunadala,1500,Ready to move,0,Independent Floor,56.0
886,3,3,Gollapudi,2062,Ready to move,0,Apartment,89.0
887,2,2,Enikepadu,1250,Ready to move,0,Apartment,39.0
888,2,2,Benz Circle,1350,Ready to move,East,Independent House,59.0
889,3,3,Vidhyadharpuram,1600,Under Construction,West,Independent Floor,95.0
890,6,7,Penamaluru,3700,Ready to move,0,Independent House,110.00000000000001
891,0,0,Kankipadu,1782,Resale,0,Residential Plot,16.83
892,0,0,Poranki,1800,Resale,West,Residential Plot,33.0
893,0,0,Kankipadu,1500,Resale,0,Residential Plot,20.0
894,3,3,Benz Circle,2317,Under Construction,East,Apartment,166.0
895,3,3,Gannavaram,1650,Ready to move,0,Apartment,72.0
896,2,2,Payakapuram,1000,Ready to move,0,Independent House,56.0
897,3,3,Benz Circle,2317,Under Construction,East,Apartment,166.0
898,2,2,Gannavaram,1100,Under Construction,West,Independent House,57.05
899,1,2,Rajarajeswari Peta,648,Ready to move,0,Independent House,37.18
900,3,3,Poranki,1587,Ready to move,West,Apartment,55.5
901,2,2,Poranki,1450,Ready to move,0,Apartment,48.0
902,2,2,Kankipadu,1290,Under Construction,NorthEast,Independent House,50.0
903,2,2,Poranki,1200,Ready to move,0,Apartment,40.0
904,3,3,Gannavaram,1663,Ready to move,East,Apartment,59.86
905,3,3,Gunadala,1500,Ready to move,0,Independent Floor,56.0
906,3,3,Gollapudi,2062,Ready to move,0,Apartment,89.0
907,2,2,Enikepadu,1250,Ready to move,0,Apartment,39.0
908,2,2,Benz Circle,1350,Ready to move,East,Independent House,59.0
909,3,3,Vidhyadharpuram,1600,Under Construction,West,Independent Floor,95.0
910,6,7,Penamaluru,3700,Ready to move,0,Independent House,110.00000000000001
911,0,0,Kankipadu,1782,Resale,0,Residential Plot,16.83
912,0,0,Poranki,1800,Resale,West,Residential Plot,33.0
913,0,0,Kankipadu,1500,Resale,0,Residential Plot,20.0
914,3,3,Benz Circle,2317,Under Construction,East,Apartment,166.0
915,3,3,Gannavaram,1650,Ready to move,0,Apartment,72.0
916,2,2,Payakapuram,1000,Ready to move,0,Independent House,56.0
917,3,3,Benz Circle,2317,Under Construction,East,Apartment,166.0
918,2,2,Gannavaram,1100,Under Construction,West,Independent House,57.05
919,1,2,Rajarajeswari Peta,648,Ready to move,0,Independent House,37.18
920,3,3,Poranki,1587,Ready to move,West,Apartment,55.5
921,2,2,Poranki,1450,Ready to move,0,Apartment,48.0
922,2,2,Kankipadu,1290,Under Construction,NorthEast,Independent House,50.0
923,2,2,Poranki,1200,Ready to move,0,Apartment,40.0
924,3,3,Gannavaram,1663,Ready to move,East,Apartment,59.86
925,3,3,Gunadala,1500,Ready to move,0,Independent Floor,56.0
926,3,3,Gollapudi,2062,Ready to move,0,Apartment,89.0
927,2,2,Enikepadu,1250,Ready to move,0,Apartment,39.0
928,2,2,Benz Circle,1350,Ready to move,East,Independent House,59.0
929,3,3,Vidhyadharpuram,1600,Under Construction,West,Independent Floor,95.0
930,6,7,Penamaluru,3700,Ready to move,0,Independent House,110.00000000000001
931,0,0,Kankipadu,1782,Resale,0,Residential Plot,16.83
932,0,0,Poranki,1800,Resale,West,Residential Plot,33.0
933,0,0,Kankipadu,1500,Resale,0,Residential Plot,20.0
934,3,3,Benz Circle,2317,Under Construction,East,Apartment,166.0
935,3,3,Gannavaram,1650,Ready to move,0,Apartment,72.0
936,2,2,Payakapuram,1000,Ready to move,0,Independent House,56.0
937,3,3,Benz Circle,2317,Under Construction,East,Apartment,166.0
938,2,2,Gannavaram,1100,Under Construction,West,Independent House,57.05
939,1,2,Rajarajeswari Peta,648,Ready to move,0,Independent House,37.18
940,3,3,Poranki,1587,Ready to move,West,Apartment,55.5
941,2,2,Poranki,1450,Ready to move,0,Apartment,48.0
942,2,2,Kankipadu,1290,Under Construction,NorthEast,Independent House,50.0
943,2,2,Poranki,1200,Ready to move,0,Apartment,40.0
944,3,3,Gannavaram,1663,Ready to move,East,Apartment,59.86
945,3,3,Gunadala,1500,Ready to move,0,Independent Floor,56.0
946,3,3,Gollapudi,2062,Ready to move,0,Apartment,89.0
947,2,2,Enikepadu,1250,Ready to move,0,Apartment,39.0
948,2,2,Benz Circle,1350,Ready to move,East,Independent House,59.0
949,3,3,Vidhyadharpuram,1600,Under Construction,West,Independent Floor,95.0
950,6,7,Penamaluru,3700,Ready to move,0,Independent House,110.00000000000001
951,0,0,Kankipadu,1782,Resale,0,Residential Plot,16.83
952,0,0,Poranki,1800,Resale,West,Residential Plot,33.0
953,0,0,Kankipadu,1500,Resale,0,Residential Plot,20.0
954,3,3,Benz Circle,2317,Under Construction,East,Apartment,166.0
955,3,3,Gannavaram,1650,Ready to move,0,Apartment,72.0
956,2,2,Payakapuram,1000,Ready to move,0,Independent House,56.0
957,3,3,Benz Circle,2317,Under Construction,East,Apartment,166.0
958,2,2,Gannavaram,1100,Under Construction,West,Independent House,57.05
959,1,2,Rajarajeswari Peta,648,Ready to move,0,Independent House,37.18
960,3,3,Poranki,1587,Ready to move,West,Apartment,55.5
961,2,2,Poranki,1450,Ready to move,0,Apartment,48.0
962,2,2,Kankipadu,1290,Under Construction,NorthEast,Independent House,50.0
963,2,2,Poranki,1200,Ready to move,0,Apartment,40.0
964,3,3,Gannavaram,1663,Ready to move,East,Apartment,59.86
965,3,3,Gunadala,1500,Ready to move,0,Independent Floor,56.0
966,3,3,Gollapudi,2062,Ready to move,0,Apartment,89.0
967,2,2,Enikepadu,1250,Ready to move,0,Apartment,39.0
968,2,2,Benz Circle,1350,Ready to move,East,Independent House,59.0
969,3,3,Vidhyadharpuram,1600,Under Construction,West,Independent Floor,95.0
970,6,7,Penamaluru,3700,Ready to move,0,Independent House,110.00000000000001
971,0,0,Kankipadu,1782,Resale,0,Residential Plot,16.83
972,0,0,Poranki,1800,Resale,West,Residential Plot,33.0
973,0,0,Kankipadu,1500,Resale,0,Residential Plot,20.0
974,3,3,Benz Circle,2317,Under Construction,East,Apartment,166.0
975,3,3,Gannavaram,1650,Ready to move,0,Apartment,72.0
976,2,2,Payakapuram,1000,Ready to move,0,Independent House,56.0
977,3,3,Benz Circle,2317,Under Construction,East,Apartment,166.0
978,2,2,Gannavaram,1100,Under Construction,West,Independent House,57.05
979,1,2,Rajarajeswari Peta,648,Ready to move,0,Independent House,37.18
980,3,3,Poranki,1587,Ready to move,West,Apartment,55.5
981,2,2,Poranki,1450,Ready to move,0,Apartment,48.0
982,2,2,Kankipadu,1290,Under Construction,NorthEast,Independent House,50.0
983,2,2,Poranki,1200,Ready to move,0,Apartment,40.0
984,3,3,Gannavaram,1663,Ready to move,East,Apartment,59.86
985,3,3,Gunadala,1500,Ready to move,0,Independent Floor,56.0
986,3,3,Gollapudi,2062,Ready to move,0,Apartment,89.0
987,2,2,Enikepadu,1250,Ready to move,0,Apartment,39.0
988,2,2,Benz Circle,1350,Ready to move,East,Independent House,59.0
989,3,3,Vidhyadharpuram,1600,Under Construction,West,Independent Floor,95.0
990,6,7,Penamaluru,3700,Ready to move,0,Independent House,110.00000000000001
991,0,0,Kankipadu,1782,Resale,0,Residential Plot,16.83
992,0,0,Poranki,1800,Resale,West,Residential Plot,33.0
993,0,0,Kankipadu,1500,Resale,0,Residential Plot,20.0
994,3,3,Benz Circle,2317,Under Construction,East,Apartment,166.0
995,3,3,Gannavaram,1650,Ready to move,0,Apartment,72.0
996,2,2,Payakapuram,1000,Ready to move,0,Independent House,56.0
997,3,3,Benz Circle,2317,Under Construction,East,Apartment,166.0
998,2,2,Gannavaram,1100,Under Construction,West,Independent House,57.05
999,1,2,Rajarajeswari Peta,648,Ready to move,0,Independent House,37.18
1000,3,3,Poranki,1587,Ready to move,West,Apartment,55.5
1001,2,2,Poranki,1450,Ready to move,0,Apartment,48.0
1002,2,2,Kankipadu,1290,Under Construction,NorthEast,Independent House,50.0
1003,2,2,Poranki,1200,Ready to move,0,Apartment,40.0
1004,3,3,Gannavaram,1663,Ready to move,East,Apartment,59.86
1005,3,3,Gunadala,1500,Ready to move,0,Independent Floor,56.0
1006,3,3,Gollapudi,2062,Ready to move,0,Apartment,89.0
1007,2,2,Enikepadu,1250,Ready to move,0,Apartment,39.0
1008,2,2,Benz Circle,1350,Ready to move,East,Independent House,59.0
1009,3,3,Vidhyadharpuram,1600,Under Construction,West,Independent Floor,95.0
1010,6,7,Penamaluru,3700,Ready to move,0,Independent House,110.00000000000001
1011,0,0,Kankipadu,1782,Resale,0,Residential Plot,16.83
1012,0,0,Poranki,1800,Resale,West,Residential Plot,33.0
1013,0,0,Kankipadu,1500,Resale,0,Residential Plot,20.0
1014,3,3,Benz Circle,2317,Under Construction,East,Apartment,166.0
1015,3,3,Gannavaram,1650,Ready to move,0,Apartment,72.0
1016,2,2,Payakapuram,1000,Ready to move,0,Independent House,56.0
1017,3,3,Benz Circle,2317,Under Construction,East,Apartment,166.0
1018,2,2,Gannavaram,1100,Under Construction,West,Independent House,57.05
1019,1,2,Rajarajeswari Peta,648,Ready to move,0,Independent House,37.18
1020,3,3,Poranki,1587,Ready to move,West,Apartment,55.5
1021,2,2,Poranki,1450,Ready to move,0,Apartment,48.0
1022,2,2,Kankipadu,1290,Under Construction,NorthEast,Independent House,50.0
1023,2,2,Poranki,1200,Ready to move,0,Apartment,40.0
1024,3,3,Gannavaram,1663,Ready to move,East,Apartment,59.86
1025,3,3,Gunadala,1500,Ready to move,0,Independent Floor,56.0
1026,3,3,Gollapudi,2062,Ready to move,0,Apartment,89.0
1027,2,2,Enikepadu,1250,Ready to move,0,Apartment,39.0
1028,2,2,Benz Circle,1350,Ready to move,East,Independent House,59.0
1029,3,3,Vidhyadharpuram,1600,Under Construction,West,Independent Floor,95.0
1030,6,7,Penamaluru,3700,Ready to move,0,Independent House,110.00000000000001
1031,0,0,Kankipadu,1782,Resale,0,Residential Plot,16.83
1032,0,0,Poranki,1800,Resale,West,Residential Plot,33.0
1033,0,0,Kankipadu,1500,Resale,0,Residential Plot,20.0
1034,3,3,Benz Circle,2317,Under Construction,East,Apartment,166.0
1035,3,3,Gannavaram,1650,Ready to move,0,Apartment,72.0
1036,2,2,Payakapuram,1000,Ready to move,0,Independent House,56.0
1037,3,3,Benz Circle,2317,Under Construction,East,Apartment,166.0
1038,2,2,Gannavaram,1100,Under Construction,West,Independent House,57.05
1039,1,2,Rajarajeswari Peta,648,Ready to move,0,Independent House,37.18
1040,3,3,Poranki,1587,Ready to move,West,Apartment,55.5
1041,2,2,Poranki,1450,Ready to move,0,Apartment,48.0
1042,2,2,Kankipadu,1290,Under Construction,NorthEast,Independent House,50.0
1043,2,2,Poranki,1200,Ready to move,0,Apartment,40.0
1044,3,3,Gannavaram,1663,Ready to move,East,Apartment,59.86
1045,3,3,Gunadala,1500,Ready to move,0,Independent Floor,56.0
1046,3,3,Gollapudi,2062,Ready to move,0,Apartment,89.0
1047,2,2,Enikepadu,1250,Ready to move,0,Apartment,39.0
1048,2,2,Benz Circle,1350,Ready to move,East,Independent House,59.0
1049,3,3,Vidhyadharpuram,1600,Under Construction,West,Independent Floor,95.0
1050,6,7,Penamaluru,3700,Ready to move,0,Independent House,110.00000000000001
1051,0,0,Kankipadu,1782,Resale,0,Residential Plot,16.83
1052,0,0,Poranki,1800,Resale,West,Residential Plot,33.0
1053,0,0,Kankipadu,1500,Resale,0,Residential Plot,20.0
1054,3,3,Benz Circle,2317,Under Construction,East,Apartment,166.0
1055,3,3,Gannavaram,1650,Ready to move,0,Apartment,72.0
1056,2,2,Payakapuram,1000,Ready to move,0,Independent House,56.0
1057,3,3,Benz Circle,2317,Under Construction,East,Apartment,166.0
1058,2,2,Gannavaram,1100,Under Construction,West,Independent House,57.05
1059,1,2,Rajarajeswari Peta,648,Ready to move,0,Independent House,37.18
1060,3,3,Poranki,1587,Ready to move,West,Apartment,55.5
1061,2,2,Poranki,1450,Ready to move,0,Apartment,48.0
1062,2,2,Kankipadu,1290,Under Construction,NorthEast,Independent House,50.0
1063,2,2,Poranki,1200,Ready to move,0,Apartment,40.0
1064,3,3,Gannavaram,1663,Ready to move,East,Apartment,59.86
1065,3,3,Gunadala,1500,Ready to move,0,Independent Floor,56.0
1066,3,3,Gollapudi,2062,Ready to move,0,Apartment,89.0
1067,2,2,Enikepadu,1250,Ready to move,0,Apartment,39.0
1068,2,2,Benz Circle,1350,Ready to move,East,Independent House,59.0
1069,3,3,Vidhyadharpuram,1600,Under Construction,West,Independent Floor,95.0
1070,6,7,Penamaluru,3700,Ready to move,0,Independent House,110.00000000000001
1071,0,0,Kankipadu,1782,Resale,0,Residential Plot,16.83
1072,0,0,Poranki,1800,Resale,West,Residential Plot,33.0
1073,0,0,Kankipadu,1500,Resale,0,Residential Plot,20.0
1074,3,3,Benz Circle,2317,Under Construction,East,Apartment,166.0
1075,3,3,Gannavaram,1650,Ready to move,0,Apartment,72.0
1076,2,2,Payakapuram,1000,Ready to move,0,Independent House,56.0
1077,3,3,Benz Circle,2317,Under Construction,East,Apartment,166.0
1078,2,2,Gannavaram,1100,Under Construction,West,Independent House,57.05
1079,1,2,Rajarajeswari Peta,648,Ready to move,0,Independent House,37.18
1080,3,3,Poranki,1587,Ready to move,West,Apartment,55.5
1081,2,2,Poranki,1450,Ready to move,0,Apartment,48.0
1082,2,2,Kankipadu,1290,Under Construction,NorthEast,Independent House,50.0
1083,2,2,Poranki,1200,Ready to move,0,Apartment,40.0
1084,3,3,Gannavaram,1663,Ready to move,East,Apartment,59.86
1085,3,3,Gunadala,1500,Ready to move,0,Independent Floor,56.0
1086,3,3,Gollapudi,2062,Ready to move,0,Apartment,89.0
1087,2,2,Enikepadu,1250,Ready to move,0,Apartment,39.0
1088,2,2,Benz Circle,1350,Ready to move,East,Independent House,59.0
1089,3,3,Vidhyadharpuram,1600,Under Construction,West,Independent Floor,95.0
1090,6,7,Penamaluru,3700,Ready to move,0,Independent House,110.00000000000001
1091,0,0,Kankipadu,1782,Resale,0,Residential Plot,16.83
1092,0,0,Poranki,1800,Resale,West,Residential Plot,33.0
1093,0,0,Kankipadu,1500,Resale,0,Residential Plot,20.0
1094,3,3,Benz Circle,2317,Under Construction,East,Apartment,166.0
1095,3,3,Gannavaram,1650,Ready to move,0,Apartment,72.0
1096,2,2,Payakapuram,1000,Ready to move,0,Independent House,56.0
1097,3,3,Benz Circle,2317,Under Construction,East,Apartment,166.0
1098,2,2,Gannavaram,1100,Under Construction,West,Independent House,57.05
1099,1,2,Rajarajeswari Peta,648,Ready to move,0,Independent House,37.18
1100,3,3,Poranki,1587,Ready to move,West,Apartment,55.5
1101,2,2,Poranki,1450,Ready to move,0,Apartment,48.0
1102,2,2,Kankipadu,1290,Under Construction,NorthEast,Independent House,50.0
1103,2,2,Poranki,1200,Ready to move,0,Apartment,40.0
1104,3,3,Gannavaram,1663,Ready to move,East,Apartment,59.86
1105,3,3,Gunadala,1500,Ready to move,0,Independent Floor,56.0
1106,3,3,Gollapudi,2062,Ready to move,0,Apartment,89.0
1107,2,2,Enikepadu,1250,Ready to move,0,Apartment,39.0
1108,2,2,Benz Circle,1350,Ready to move,East,Independent House,59.0
1109,3,3,Vidhyadharpuram,1600,Under Construction,West,Independent Floor,95.0
1110,6,7,Penamaluru,3700,Ready to move,0,Independent House,110.00000000000001
1111,0,0,Kankipadu,1782,Resale,0,Residential Plot,16.83
1112,0,0,Poranki,1800,Resale,West,Residential Plot,33.0
1113,0,0,Kankipadu,1500,Resale,0,Residential Plot,20.0
1114,3,3,Benz Circle,2317,Under Construction,East,Apartment,166.0
1115,3,3,Gannavaram,1650,Ready to move,0,Apartment,72.0
1116,2,2,Payakapuram,1000,Ready to move,0,Independent House,56.0
1117,3,3,Benz Circle,2317,Under Construction,East,Apartment,166.0
1118,2,2,Gannavaram,1100,Under Construction,West,Independent House,57.05
1119,1,2,Rajarajeswari Peta,648,Ready to move,0,Independent House,37.18
